{"new, ": [51.1785153, 6.4416347], "chicago, ": [41.8755616, -87.6244212], "Grand Blanc, MI 48439": [42.9275277, -83.6299518], "9374 oakmont driveGrand Blanc,\u00a0MI\u00a0484393 milesaway": [null, null], "Voorhees,\u00a0NJ\u00a008043": [39.8512162, -74.9619779], "Malibu,\u00a0CA\u00a090263": [34.035591, -118.689423], "Auburn Hills,\u00a0MI\u00a04832626 milesaway": [null, null], "9374 oakmont drive, 9374 oakmont drive, Grand Blanc,\u00a0MI\u00a048439": [null, null], "Auburn Hills,\u00a0MI\u00a048326": [42.6875323, -83.2341028], "4125 fox pointe, 4125 fox pointe, West Bloomfield,\u00a0MI\u00a048322": [null, null], "458 shagbark dr, 458 shagbark dr, Rochester,\u00a0MI\u00a048309": [null, null], "Goodrich,\u00a0MI\u00a048438": [42.91708, -83.501656], "Swartz Creek,\u00a0MI\u00a048473": [42.9572508, -83.8305144], "Durand,\u00a0MI\u00a048429": [42.9120239, -83.9845777], "Highland,\u00a0MI\u00a048357": [42.6715308, -83.5675931], "Howell,\u00a0MI\u00a048855": [42.6072552, -83.9293952], "White Lake,\u00a0MI\u00a048386": [42.6447792, -83.4630807], "Oakland Township,\u00a0MI\u00a048363": [42.766896, -83.1713899], "West Bloomfield,\u00a0MI\u00a048322": [42.5419482, -83.381347], "Grand Blanc,\u00a0MI\u00a048439": [42.9275277, -83.6299518], "Burton,\u00a0MI\u00a048529": [42.9897333, -83.6335032], "Flushing,\u00a0MI\u00a048433": [43.0630834, -83.8510732]}