{"1234 Oak Street, San Francisco, CA 94102": [37.772925, -122.4397236], "5678 Maple Avenue, Oakland, CA 94610": [37.7922033, -122.2101953], "456 Main Street, San Francisco, CA 12345": [null, null], "789 Heritage Lane, San Francisco, CA 12346": [null, null], "123 Oakwood Drive, 94102": [37.4682791, -122.2150745], "567 Magnolia Court, 94102": [37.817979, -122.2839418], "890 Willowbrook Lane, 94102": [37.8399995, -122.1325875], "234 Cedar Heights, 94102": [-27.6517486, 152.8612679]}